{
  "version": 1,
  "author": "Anonymous maker",
  "editor": "wokwi",
  "parts": [
    { "type": "wokwi-arduino-uno", "id": "uno", "top": -57, "left": 95.4, "attrs": {} },
    {
      "type": "wokwi-led",
      "id": "led1",
      "top": -253.2,
      "left": 224.6,
      "attrs": { "color": "red" }
    },
    {
      "type": "wokwi-led",
      "id": "led2",
      "top": -253.2,
      "left": 195.8,
      "attrs": { "color": "red" }
    },
    {
      "type": "wokwi-led",
      "id": "led3",
      "top": -253.2,
      "left": 253.4,
      "attrs": { "color": "red" }
    },
    {
      "type": "wokwi-led",
      "id": "led4",
      "top": -253.2,
      "left": 282.2,
      "attrs": { "color": "red" }
    },
    { "type": "wokwi-led", "id": "led5", "top": -253.2, "left": 311, "attrs": { "color": "red" } },
    {
      "type": "wokwi-led",
      "id": "led6",
      "top": -243.6,
      "left": 61.4,
      "attrs": { "color": "yellow" }
    },
    {
      "type": "wokwi-led",
      "id": "led7",
      "top": -243.6,
      "left": 99.8,
      "attrs": { "color": "green" }
    },
    {
      "type": "wokwi-pushbutton",
      "id": "btn1",
      "top": -249.7,
      "left": 128.3,
      "rotate": 90,
      "attrs": { "color": "green", "xray": "1" }
    }
  ],
  "connections": [
    [ "led5:A", "uno:2", "green", [ "v0" ] ],
    [ "led4:A", "uno:3", "green", [ "v0" ] ],
    [ "led3:A", "uno:4", "green", [ "v0" ] ],
    [ "led1:A", "uno:5", "green", [ "v0" ] ],
    [ "led2:A", "uno:6", "green", [ "v0" ] ],
    [ "uno:7", "led7:A", "green", [ "v0" ] ],
    [ "led6:A", "uno:8", "green", [ "v0" ] ],
    [ "btn1:1.r", "uno:9", "green", [ "v0" ] ],
    [ "btn1:2.r", "uno:GND.1", "green", [ "v0" ] ],
    [ "led6:C", "uno:GND.1", "green", [ "v0" ] ],
    [ "led7:C", "uno:GND.1", "green", [ "v0" ] ],
    [ "led1:C", "uno:GND.1", "green", [ "v0" ] ],
    [ "led2:C", "uno:GND.1", "green", [ "v0" ] ],
    [ "led3:C", "uno:GND.1", "green", [ "v0" ] ],
    [ "led4:C", "uno:GND.1", "green", [ "v0" ] ],
    [ "led5:C", "uno:GND.1", "green", [ "v0" ] ]
  ],
  "dependencies": {}
}